774320660452868126	#introductions
780599994360397825	#introductions-new
780605609455648790	#members
776172446511267880	#server-announcements
780599857898586122	#among-us-announcements
772273631677251629	#general
777297113758826557	#memes
780112368113811537	#computer-programs
773289992193704026	#game-chat
772274415835807745	#game-codes
772274802106302495	#strategy
773062159076556861	#clips-and-highlights
774702359992336425	#bot-commands
773248402242404363	#suggestions-and-bugs
773660435583860746	#dev-build